,,1Base_Wx-Years,1Base_Wx-Years,1Base_Wx-Years,1Base_Wx-Years,1Base_Wx-Years,1Base_Wx-Years,1Base_Wx-Years,1Base_Wx-Years,1Base_Wx-Years,1Base_Wx-Years,1Base_Wx-Years,1Base_Wx-Years,1Base_Wx-Years,1Base_Wx-Years,1Base_Wx-Years,1Base_Wx-Years,1Base_Wx-Years,1Base_Wx-Years,1Base_Wx-Years,1Base_Wx-Years,1Base_Wx-Years,1Base_Wx-Years,1Base_Wx-Years,1Base_Wx-Years,1Base_Wx-Years,1Base_Wx-Years,1Base_Wx-Years,1Base_Wx-Years,1Base_Wx-Years,1Base_Wx-Years
weather_year,,1990,1991,1992,1993,1994,1995,1996,1997,1998,1999,2000,2001,2002,2003,2004,2005,2006,2007,2008,2009,2010,2011,2012,2013,2014,2015,2016,2017,2018,2019
region,date,,,,,,,,,,,,,,,,,,,,,,,,,,,,,,
Austria,2022-01-01,1.022914714205705,0.7646621704378511,0.7849526603147979,1.0469553212080789,1.0513266619605555,0.9553869004578976,0.922624524573711,1.0163072571637426,0.8744077135110603,1.0061172189984888,0.8997240404253903,0.8478358057920803,0.972844565032658,0.9220009016702811,0.9667085506292336,0.9731898524321521,0.9264414153293492,1.041962748942316,1.0844879246380776,0.8499811677225326,0.8118957022596375,0.926757004996248,1.080841551599099,0.944012066937139,1.0295340981315741,0.9205265660674824,0.8334811424225592,0.8114591682596359,1.0790061490322638,0.8368972965233319
Austria,2022-02-01,1.0733119124582609,0.8495122403566602,0.9666901755989903,0.8998423356994787,0.9777380353443046,1.0665129884212712,0.9232793650447382,0.9750908361383086,0.9746882904057371,0.974033508594594,1.0536664641543636,0.9844550412475037,1.0750662465671508,0.8851174799006458,1.0148736109974452,0.9385916771613267,0.8873357498426963,1.0197042968475976,1.00803095383905,1.0107400631736623,0.8875117129741906,1.0251708312323868,0.8026689700517927,0.9058160463698234,1.034295094211194,0.9982890755020994,1.0268654604066907,1.0543532043098367,0.9603855821634864,1.0133673277566249
Austria,2022-03-01,0.9809493583985043,0.9808983304500103,1.0012754304032443,0.957912082308072,1.014515259277323,0.9806110027954206,0.9898033120594042,0.9798186477432682,0.968161784249434,0.9849382938138876,1.00174142740174,0.9983514801430518,0.9617889554964257,0.9532524689933104,0.9793426410674558,0.9971815384404971,0.9657048434534122,0.9728277360323372,1.0259452788592827,0.9743533289207572,0.9715194231051393,0.9684809123622153,0.9822532106495533,0.9949718197466487,0.9488512541056289,0.9847686309860697,0.9636537729561416,0.982479360897061,0.996175775214751,1.0011699606881708
Austria,2022-04-01,0.9029510161753413,0.8930381978717149,0.8944766911634668,0.9134288145490532,0.9153023551090347,0.8555791480786186,0.8977109040445024,0.8280595459790391,0.9247347251481223,0.9151120057957272,0.9060183499417129,0.9246443254164639,0.9137135675475532,0.877481127580521,0.9251103976842234,0.9295275376393222,0.9201280266908177,0.8782486475834904,0.9254231167160809,0.8951458313372862,0.900466352104127,0.9008361828247385,0.9117304559192672,0.9064747211712512,0.8855637370749704,0.8793807194303367,0.8954402749325314,0.8929577456658429,0.8624438362821762,0.886473170389039
Austria,2022-05-01,0.9145805006648333,0.9267700948969616,0.8698536199345889,0.9280127124089782,0.9320717214328107,0.9331162654893037,0.9604123501787342,0.931434448572388,0.9251496249660783,0.9386963146177296,0.9099836267067661,0.9215151874341929,0.9302850640797553,0.9299494541429988,0.9237202798803623,0.9148197605875843,0.8915644411843572,0.9250938319985895,0.928534641418185,0.9083443093505152,0.9645495472228525,0.8697518782286192,0.9222253586433679,0.9586704412688396,0.9519390477149783,0.9207655405611002,0.9205172062773147,0.9441482879213754,0.9009395699384007,0.9279483338096448
Austria,2022-06-01,0.9925960287881977,0.9474864202267358,0.9808456520924544,0.9685398753457046,0.9395749023267131,0.9761367184187795,0.9518234274423563,0.9765247559538688,0.9760006637479974,0.9726759906333291,0.9499278434759629,0.9706697797636674,0.9543566718326671,0.964146731623303,0.9490772483775402,0.9583216833284223,0.9700220104323058,0.9742258231862793,0.963798176213156,0.9518828402141014,0.9628622043164003,0.9726620155716657,0.9624617196667867,0.9638022486087212,0.9632834622129111,0.9674819428742123,0.9793325895958311,0.9314549309098543,0.9764761120554889,0.9460019095583815
Austria,2022-07-01,0.9264173365667134,0.9590827117982573,0.9660696570748474,0.9452292371245354,0.9612847072011669,0.9559029777917176,0.9510419643400937,0.9882600263141752,0.9790463746616453,0.9698419898862048,0.988651353432161,0.9697035873031178,0.9775416144131736,0.9664200985598552,0.9591347186583494,0.968548892503744,0.9526979219127505,0.9443247662040892,0.9634531577276855,0.9407140650893151,0.9466387878975692,0.9807007840581157,0.9499645311933416,0.9555499950999999,0.9731515051345383,0.920901680136018,0.9538987281151051,0.9518975071836925,0.9515669613440532,0.9418829092303136
Austria,2022-08-01,0.9589167640924486,0.9709775782815083,0.9381390020466713,0.9583100497963919,0.9516692744963189,0.9723182615605286,0.9890127082809403,0.985587681575085,0.9660958023487549,0.9929486162268433,0.9716872022761698,0.9494668476408401,0.9922926508707917,0.9485898755127137,0.9570688615346323,0.9821493634447905,0.9955869959804643,0.9895978459185244,0.9690552466327849,0.9607282501036699,0.9876120698030016,0.9847359861644628,0.9688757609267846,0.9798917068623293,0.9799577550068814,0.9927228758713512,0.9526913565968046,0.9808158614827769,0.9737856025873938,0.9793467803526369
Austria,2022-09-01,0.9999095545325013,0.9776079632254326,0.9835600005603077,1.0036873534675912,0.9829794253799189,0.9878489485226645,1.0034034869129642,0.9598141781625416,1.0162988168721543,0.9924534434344064,1.0028904108466568,1.0243476516899808,0.9860623438774193,0.966017306336644,0.985114456883691,0.9766933129453852,0.9618161169327837,0.9713035126023402,0.9971477096021061,0.9895765830135287,0.998862524926888,1.005919973368673,0.9935574901142686,1.0106427710047448,0.9868047742264257,1.0048169324011396,0.9753202117223702,1.0001447048556358,0.9492106201510259,0.9511089894281793
Austria,2022-10-01,0.9808233016221274,0.860751933950028,0.8974013219058475,0.7744695305249102,0.981890901904335,0.9877223291897536,0.9826473426983913,0.9059394299295958,1.048969972135872,0.9898718761441433,1.0050114512134682,1.0036030309126855,1.0163086508055352,0.8408914912944278,0.9406883222893273,1.0010471949513218,1.0092973760303938,0.8721727591792217,1.0004061017873436,0.8922368636384586,0.9930217666554018,1.0023373018581945,0.968832630855372,1.0228782077118304,1.0079432967839415,0.803759803618777,0.9141356848807558,1.0093689784799578,0.9508451204129648,1.0115958691188869
Austria,2022-11-01,0.8176676569046134,0.9033731916988381,1.028328846256342,0.8401360633892543,0.9494587493911336,0.8772527218474349,0.7597836505842799,0.9170852831497461,0.7789112804124663,0.8231867791892186,1.020378188824653,0.877146550160741,0.9674067194906976,1.008407180123625,0.8918285491480982,0.7824438529892495,1.0362110824931314,0.8988237659580757,0.8597425719804203,0.9455347445367508,0.917991434600961,0.8984635185477615,0.9307171951171782,0.9814516555266979,1.0428146477547457,0.9865856928102529,0.9309089049479637,0.8870748460935916,0.9150882528312444,0.9155199165240789
Austria,2022-12-01,0.8448554591434373,0.720867399391851,1.0057515603014855,1.0058542971508515,1.0100687065697258,0.7471036652996489,0.719374251192471,0.9931878947763058,0.8976822423430794,0.9843798507352753,1.0594603931843949,0.7117146606871776,1.0685192383865023,0.9324398154735886,0.9667024801056737,0.8448929778713612,1.0409483196882992,0.6854785188087571,0.8502012809230539,0.8016440073194234,0.932179844849753,1.0773191896692595,0.7987967530036746,1.045956145366657,0.9463064505999126,0.9998397101977463,0.8467198203617436,0.9505522484894395,0.9271788359928715,1.0535501705899095
Belgium,2022-01-01,1.0210481017501716,0.7739453120745032,0.7879312449713926,1.0275564856058275,1.0257036877832326,0.9730854435062274,0.924163180978842,0.935085396431014,0.865213984708796,1.006936765421818,0.885007758311464,0.8378926501612797,0.9629893985151285,0.9267987563320269,0.9824306099719595,1.0653799156447625,0.961823705774477,1.0254434298783708,1.072302545180006,0.8595741058370123,0.8261723179530056,0.9167217479636041,1.0146472747373103,0.9403117997452137,1.0420382742166936,0.918409906356165,0.8770110601356345,0.7766270695627052,1.078174847843762,0.8451094350596476
Belgium,2022-02-01,0.9733609694933684,0.8332045952054312,0.9426984876305379,0.8844429894215377,0.9402571821106922,1.0005657989016923,0.896804549321774,0.9378158001605681,0.9067265239054414,0.9829309035257879,0.9892864887237528,0.9541036484660509,0.9976409510795111,0.935091316021725,0.9699082595750892,0.9653528913132832,0.8998498757927761,0.9857845733227021,0.96273776069081,0.9868133245548127,0.9481288657984044,0.9966544961302131,0.8255898544273307,0.8867602297690318,1.008166836082814,0.9642590948361915,1.011375798281185,1.0258744349618436,0.9364916492649379,0.9690265798196038
Belgium,2022-03-01,0.924554666388937,0.9558750548361393,0.9818047310085967,0.9205450489652484,0.966995889771383,0.9102650420183386,0.9480392991040727,0.9422122814621963,0.963322271612578,0.9726587673690348,0.9684007211645773,1.002711513721042,0.9492403986303078,0.9363685294225541,0.951354520442627,0.9435152152994449,0.9504041316473597,0.9054841954548858,0.9684170258158996,0.9557698099072612,0.9453371582209046,0.9379537422272781,0.9429223301590225,0.9701811373761932,0.9089499543751624,0.9439200996003954,0.9499928311562715,0.9456885684771716,0.9661629193146561,0.9460886575842451
Belgium,2022-04-01,0.8797724121495438,0.8801690485076569,0.8840913713574519,0.9035813578476041,0.9134176965205776,0.8896916940242905,0.887307359216984,0.8551447377134456,0.9269961587996751,0.9102594465013978,0.9078463687826787,0.918341531908406,0.8851328035784383,0.8528981184094794,0.9108293256317107,0.915820495155294,0.9099867940819031,0.8548537545906941,0.9170522826393688,0.8764270746882938,0.8877878379986119,0.8767698358052833,0.9020013097140247,0.8913320798547203,0.8906124186537151,0.8673278196024301,0.88709521607555,0.8763163151500781,0.8627499735276064,0.8709945422339027
Belgium,2022-05-01,0.9138435318607216,0.9300738180338298,0.8688436659338036,0.9256047262520688,0.9378354291436798,0.9404673089739846,0.9656655215358445,0.9311462997102407,0.9238278204941712,0.9379364387289555,0.914850063486527,0.9217973074953628,0.927342938745945,0.9234976810958408,0.9331761018195938,0.9060412115535595,0.9065916216557922,0.9124422760626292,0.9311269570791479,0.9069746359771478,0.9593877734025763,0.8594155645768252,0.9202563546833459,0.9553650118063978,0.9500525391170123,0.9174002050286912,0.9162716270126791,0.9431775850071886,0.9049089460971729,0.9225540096583444
Belgium,2022-06-01,0.9923690714706682,0.9566015098525646,0.9758112330088463,0.9690945416250463,0.9587578105017082,0.9695743196236365,0.9609020064540782,0.9851627879377663,0.9733782443026335,0.9737223850397624,0.9533678587779896,0.9682052275437596,0.9598973063889652,0.9690303879957981,0.960850183900293,0.9574725747530025,0.9695512301149425,0.9728347288329005,0.9643126333433701,0.9568512351619917,0.9597737262240977,0.9767823646411549,0.9771362695268381,0.9688231886919787,0.9623965549540168,0.9652777266041892,0.9835872901920955,0.937977703947769,0.9748044347443512,0.9582611005983814
Belgium,2022-07-01,0.9413229429625929,0.9703001043184069,0.9760137564699248,0.9514182304262668,0.9733334713020796,0.9636312744880668,0.9585345707410153,0.9897684350007523,0.9812889222869713,0.9720084567328656,0.9942206128054333,0.9753335052048411,0.9811478193273303,0.9751693915876414,0.9598321402260827,0.9722505004178669,0.9698352901114196,0.9547400399567106,0.9648704786951614,0.9435860661257066,0.9502179515208883,0.9744671456221904,0.9584129179434784,0.9552332274875522,0.9754698483092096,0.9440330288186478,0.9551636766896324,0.9615146192558687,0.9601794272338293,0.9741529964063541
Belgium,2022-08-01,0.9546169524755247,0.9726941660800585,0.9441739854870594,0.9585495003472998,0.9468986094338618,0.9692944148007339,0.9859365732215286,0.9840734732447339,0.9670229699883348,0.9901598919442561,0.9700934336372311,0.9500765932353886,0.9922112445469333,0.9539905868516237,0.9552969383618048,0.9812580714684118,0.9921459690405341,0.9962898916737462,0.9565631911467581,0.9577650042187777,0.9865840543934552,0.9800839554724169,0.9648846398266379,0.9779197557760383,0.9767495958636794,0.9886342716356413,0.9525244789215984,0.9787974317609547,0.9744458168847251,0.9777370466393969
Belgium,2022-09-01,0.993613935899815,0.9806800729454467,0.9790032804747855,1.0078781219228363,0.9796647428326222,0.9919543869619367,0.9998413103629684,0.9615401736255661,1.012847926987081,0.995418934855979,0.999725182365236,1.0189954183269394,0.9821251763166545,0.9646902916468942,0.9831866147257484,0.9823831362201197,0.975053754228689,0.9682570353514897,0.9981041311672444,0.9889939381296515,0.9900195578616553,1.000154564714048,0.9827092773036585,1.0043012623609338,0.9847655023867617,1.0030871780651096,0.9724276266763786,0.9968236021848439,0.9382083976831598,0.9492763565150237
Belgium,2022-10-01,0.9676535611184099,0.8075518742175346,0.8629535816508634,0.7588654442880024,0.9757218098205569,0.9815485116881505,0.9707894772113989,0.8575828999038263,1.0234290265203287,0.9806990909408875,0.9946984448617091,0.9980643506277624,0.9916415896729136,0.8147260720312539,0.9279390770194209,0.9994419654044158,1.000924992835007,0.8387856539014299,0.9930040111013964,0.8786145001762954,0.9618186774957382,0.9890565637364911,0.9559847221005229,1.0083540176675492,0.9996105618433976,0.7999267265025634,0.9014905994238214,1.0003637877628884,0.9330840874576519,1.0010416993360807
Belgium,2022-11-01,0.797056039718535,0.8955509390531228,0.9518633133539712,0.7559012135733799,0.857138054951887,0.8378584866205281,0.7294489151677447,0.9169076069045722,0.7300190865142541,0.8207426985004266,0.9872740797487218,0.8274635892484897,0.8946171990814314,0.893847968617019,0.806120020980448,0.7833519373287052,1.0233359515851466,0.7731645478985567,0.8310266720169722,0.9252275959168079,0.8623696551264634,0.8709167869987916,0.8780340529970905,0.9224400922649615,0.8760365354561302,0.9645053092996736,0.8648445826634693,0.8089583471918772,0.9100461247778375,0.78032663194559
Belgium,2022-12-01,0.7901573041070535,0.7021256187923866,0.8601435863536393,1.0947357588628501,0.9426500977147007,0.6337983229644283,0.6643857909649006,0.8526351688005723,0.8813543854866197,0.8640451426242431,0.9768379290962712,0.6530161882337772,0.9099431174432089,0.8348144611452775,0.938478322348796,0.7782589199604462,0.9662439298041526,0.6955746072344547,0.7924010153739546,0.7443929253238806,0.7907587695632351,0.9928472556894005,0.7177582370082247,0.9804573141626278,0.7904845871760341,0.9821846647009368,0.7966026960197248,0.9409882440794374,0.8765736207917147,1.0166440370162415
Czech Republic,2022-01-01,1.09601547877126,1.120311477011504,1.120612955504121,1.0878782539464407,1.1037325683356667,1.0882039829652368,1.0867062319084988,1.1328182205957005,1.0979131924568393,1.1039319822197955,1.1135250111390658,1.129725430199126,1.1158676778020544,1.1310610312581966,1.1150468615797822,1.1134738799318067,1.1034891556901592,1.1242199278855458,1.1031618926851083,1.0984840146250425,1.1604142098837644,1.1226278727159555,1.1155405147550164,1.1648218452462507,1.1022681292279837,1.109239802233484,1.1507699128981705,1.1264870570022343,1.1141986093708645,1.1263948063474267
Czech Republic,2022-02-01,1.0228291952302553,1.0524057579328807,1.044936099242237,1.0463873509287542,1.0496961395373348,1.0515011810937687,1.069726961286019,1.0473876206955928,1.0224564649025822,1.0725109564150448,1.042224020549839,1.047121779193784,1.0511034120265066,1.0288522754316323,1.0568606386584318,1.0624403654681889,1.0936928057524045,1.0395611166255467,1.0264044063564444,1.073204533724691,1.1179499791668397,1.0542228590610607,1.0941225762498188,1.0754009531190425,1.0168060427918642,1.033069790402271,1.0552782782003525,1.0533638770390714,1.0129380013855398,1.0202858149094727
Czech Republic,2022-03-01,0.9351442414377303,1.0309922065113029,1.0163219284920852,0.9748820413443433,1.0133102441339314,0.9142378425072577,1.0026922756823573,1.0024516140176818,0.9698688015035943,1.0357857251701321,1.027277579245913,1.0437338194771657,1.0002426761861405,0.9982194024588155,1.017942131119978,1.0152432220361438,1.038046460739737,0.9533806649569928,1.0005411711675325,1.0241745630117836,0.9938455898834625,0.9819727989398012,1.010273314126355,1.0410315232805396,0.9611017314256519,1.0017414546046581,1.006757991784214,0.9849400840467839,1.0128260795060227,1.0043612527663044
Czech Republic,2022-04-01,0.8958986350470298,0.8889666091334477,0.8899603105506653,0.9200225947577633,0.9318863486732983,0.8578332544265194,0.9298540488889296,0.8182954876075127,0.9335287197966875,0.9174073712270008,0.9252428346184683,0.9255031078327117,0.895800553378313,0.844376955136496,0.9154023187778668,0.9241716319139467,0.9122758712143261,0.8382073808008376,0.9497639437114611,0.8855283913132254,0.8848275516947824,0.890326631565973,0.9198586725842454,0.9134684875326519,0.8880034671763394,0.8796846844704417,0.9071392443072864,0.870768410128453,0.8635930764138019,0.8640922985513294
Czech Republic,2022-05-01,0.9267346993558567,0.9398444528344885,0.8718552060738579,0.9305935020978329,0.9373838146321447,0.9415444012794885,0.96858963242857,0.9346162665025325,0.9272415105300078,0.9424408295808849,0.9164232594231693,0.9266875746327002,0.938377848887323,0.9378329247648711,0.9314255518333179,0.9191968635341521,0.8960852159659071,0.9268303833605276,0.9343905739992121,0.9130990700074877,0.9754533286910301,0.8717819130197181,0.9265447805360163,0.960466559957559,0.9542216154148927,0.9225373682932245,0.916067032564673,0.9521802968894748,0.9017808664432683,0.9354940248554686
Czech Republic,2022-06-01,1.0054207332030571,0.9514747889614804,0.9861340326027471,0.9724252402726596,0.9423753037034032,0.984682325805833,0.9618758274291164,0.9806477541854636,0.9813363280185352,0.9830604643905834,0.9534354562446977,0.9783340814182889,0.9587339283634504,0.9720201811261624,0.9519848229151093,0.9694939368765192,0.9810259664803117,0.9830135369563472,0.9660131749489391,0.9575934534731414,0.9687212596755801,0.9817912680047868,0.966962015008546,0.9661827668129411,0.9744722394117684,0.975766315152967,0.9852854514555588,0.9409728896111667,0.9782324007740809,0.9550301853068769
Czech Republic,2022-07-01,0.9278182584990645,0.9650332539779745,0.9732859584402441,0.9455643688823848,0.9818815723164672,0.9698076796837645,0.9538381226979492,0.9952152920073888,0.9815433860051069,0.972978114697366,0.991511141429317,0.9758191501398407,0.9823784659349702,0.9763364854219254,0.9655869605270573,0.9758498765301185,0.9719174442781561,0.9449236877627077,0.9637296867120353,0.9450464434141524,0.9578680130071596,0.9833710411200793,0.9500453858352681,0.9646034808148883,0.9786348229114343,0.9174722633744231,0.9565668890396661,0.9605036792034333,0.9695609462567738,0.9527525128355351
Czech Republic,2022-08-01,0.9772696643764476,0.9895301669945911,0.944238625065348,0.9742042975206109,0.9598023448002869,0.9930833164385989,1.0037700099438802,1.0138699052703821,0.9759057681073864,1.008221162531951,0.9960597656117716,0.9653896150596926,1.0176237938729904,0.9752521599271031,0.9696430039239354,0.9936420650739418,1.0047448262040561,1.000796034519467,0.9762859655012667,0.96789702144805,0.9981911643410393,0.9967855460880443,0.9891800436726914,0.9971592144242288,0.9927312866202032,1.0125627998862452,0.9651025367005572,0.997045239754388,0.99859081506753,0.999142562722814
Czech Republic,2022-09-01,1.008785692990055,0.9905959356666499,0.9956023721144084,1.0159810585978204,0.9910810193074985,0.9978251497653017,1.0169987687809725,0.9821148186604778,1.0277613920951945,1.0050737042060434,1.0138174348909923,1.0364346279437544,1.005274187259792,0.9867821030057942,0.991321469014444,0.9920561375808513,0.9714812407350853,0.9772549659639257,1.0124587697152976,1.0013576409418834,1.00586735783462,1.021948275553254,1.0006434600990204,1.0200825526999344,1.0047735943101417,1.0139180796966367,0.9931411086722184,1.0235384214473977,0.949328550338127,0.9519784765916238
Czech Republic,2022-10-01,0.9857427922042057,0.9967004886462917,1.0279083291409374,1.0213097422056705,1.0155093113830218,1.0198001238428427,1.0393318721719313,1.0003398762049345,1.0544107849848654,0.9990126331433848,1.0279854152858885,1.0155808724906772,1.0266255635433874,1.0315033038708126,1.0079349459594973,1.0174059432426867,1.0257132403515072,1.0324069912208533,1.0123382017794473,1.0064135890348653,1.0104650687861387,1.022546816471324,1.023281731315453,1.0099932899199209,1.0265444043883625,1.0297128907192183,1.0312697385720975,1.0166919464066648,0.9992798152212736,1.0285825267953335
Czech Republic,2022-11-01,1.0840065264921621,1.088265739973812,1.071928001246549,1.0563213958663826,1.032627537630721,1.0676954182921936,1.042518121104877,1.0610191730131342,1.0567993065833028,1.0770786817929747,1.0637683075833586,1.0528768818079772,1.0308607165622694,1.0650111190500182,1.0340074930354157,1.03485059429884,1.0554424867007806,1.069083313932182,1.0171057991327104,1.0519104521121485,1.0793218922278267,1.0603641935436545,1.0729033235738383,1.0692820929735671,1.0633402296167591,1.08136612989623,1.058616941855804,1.0288688857676263,1.064886505815579,1.0616059856345794
Czech Republic,2022-12-01,0.8180755125995918,0.8262604335674901,1.022970245047927,1.024200727845693,1.0337556438598665,0.8070616625886097,0.7812139623481505,1.0422562997631832,1.0088635138350863,1.0515088908471608,1.076268724652678,0.8006933129942656,1.0800555841118984,1.00741847527454,0.8470665433085396,0.9239869820005635,1.0708475793153753,0.7966631153900028,0.9120670638723639,0.759718020716439,0.910751687244116,1.1043538403518338,0.934694723358441,1.0881136345980746,0.9678350725632651,1.0798018134799625,0.8958742725659132,1.0165643682683656,0.9729481039648221,1.0816058028271733
Denmark (East),2022-01-01,1.0762870737054142,0.8619493468528856,0.8059473549012337,1.1332565609825682,1.1098467923136657,1.0012674093122185,0.9561085886585727,1.0755007533748555,0.9927514305170728,1.0875586131222124,0.9360241596221984,0.9039205272758731,1.043579489580934,0.9595265833029071,1.0117183726730414,1.0364109987969552,1.0328633621568644,1.1119249389550518,1.1551083897857297,0.8906865163034857,0.8672610892233883,1.0138971717394758,1.147330783649623,1.0055671113640308,1.1650774880027366,0.9491052240351141,0.9022665279706377,0.9494464481134868,1.13054758581435,0.9021083730289405
Denmark (East),2022-02-01,1.0848290923979673,0.9448924755220376,1.0115726175426853,0.9412884537752214,1.0148959251520135,1.0809171066589878,0.9506467671446072,1.0114631756329149,1.0035458045552166,1.0042483192790066,1.0858308065928082,1.0390065999013898,1.1104811631428242,0.9320681595641056,1.0950198086506675,1.0293753874182847,0.9430842141824463,1.0850086992108816,1.0807760295009639,1.117137812364158,0.8938177379058648,1.0930315247074187,0.8197354880105094,0.9542017752567851,1.0881492479887502,1.07061265060482,1.1021375256294461,1.1163825547033612,1.0345522831566565,1.070760136652824
Denmark (East),2022-03-01,0.9529570720054619,1.0335111761501732,1.024323745774768,0.9558278611282118,1.0262426753147051,0.9513567600047614,1.0325340715023572,1.0075204504328328,1.0160477375709474,1.0491143453066263,1.0151675714695507,1.0491113846848645,1.0088434143415559,1.0176741071997164,1.0229635218709523,1.0169981554236072,1.021969505902802,0.9944986862330087,1.000528668727524,1.0330454783577057,1.0227878868592646,1.0289461561371596,1.0382240554557876,1.0470790804136425,1.0139452895811019,0.9972105614175856,1.0227498640138604,1.0324804721757779,1.0186998008110983,1.025252699281832
Denmark (East),2022-04-01,0.8835370762931487,0.8800028545428193,0.8725261369658373,0.9116010583387616,0.9151275539387739,0.8524934842239915,0.8967333417762193,0.809522267296183,0.9190493549890891,0.9126516043325349,0.9061319695964375,0.9145720072251271,0.8793962734311432,0.8310429358411422,0.8916794584430228,0.912751366053734,0.9013994106023525,0.8406158825941589,0.9219866615893169,0.8712583469716146,0.8755986657449454,0.8683331486970073,0.9021992389398101,0.9026511516216023,0.8806566899466441,0.8472029845882555,0.8967619724309972,0.8508395375382547,0.8612352745635379,0.8540492218357253
Denmark (East),2022-05-01,0.9295972854939775,1.0024459448716272,0.8831223087922824,0.9364141727252515,1.004441503353229,0.9390482901198051,1.039459012715664,0.9465700199464668,0.9291256729819468,0.9532007939513858,0.9190668561339135,0.9342550401392599,1.1636929815904016,0.9439933387423651,0.9664001150012944,0.9670815130084975,0.9000734884994432,0.9503412238883255,0.9544089120934434,0.9935933385632811,0.9757473742583062,0.8639247466413338,0.9249010254593502,0.9902892190306501,1.0019563531831719,0.9277838926768538,0.9198150092658648,0.9547042788804748,0.9145981366152343,0.9289187778758808
Denmark (East),2022-06-01,0.9966902144612929,0.9946304655871452,0.9964164738686315,0.9874287541565778,0.9703176720414981,0.9900519098628643,0.9722495714536208,0.999840265267027,0.9958665881223004,0.988589597620726,0.9903692098397167,0.9878268782184101,0.9672271128139256,0.976947370097283,0.9681654139258253,0.9791561785070756,0.9870348561018913,0.9869698760958359,0.9754307385322861,0.9801332086409346,0.9887993514362476,0.9987456527378901,0.9943409521114929,0.9954933569784251,0.9810042608528051,0.9702409838050025,0.9859137548279073,0.9376279965489762,0.9878498804108076,0.968066235320507
Denmark (East),2022-07-01,0.9303155344794206,0.9607521170488864,0.9713815014197026,0.9637416025681704,0.9619100329216181,0.9551658889857265,0.9582444350041347,0.9851434259259579,0.9788053561314529,0.9686883286362885,0.9982379666173558,0.9706043025863262,0.9810742783754633,0.9612509514387896,0.9575038229979537,0.967450995352075,0.9521799639088661,0.9553408714860754,0.958776372441812,0.9444191798367386,0.9537562582007464,0.9908291389666675,0.9518788601171103,0.9611773905950032,0.971385078959885,0.9087705603027985,0.9630517235409711,0.9519526008151374,0.950439980818245,0.9583996415340762
Denmark (East),2022-08-01,0.9653136281312575,0.9794096930387864,0.9471436718659665,0.972452002653747,0.9574810322665652,0.970128648518616,0.9916412812963673,0.98628664696999,0.9879847281161193,0.9968824999605717,0.9766060401789899,0.9713455838965779,0.9930592662179355,0.9704623701518829,0.9588119979793261,0.9902596281179327,0.998449398270654,0.9956209520605965,0.9730180071969207,0.9643610681969556,0.9945345350666953,0.9981767323749439,0.9805397746609902,0.9908530089993679,0.986119103161968,0.9998063498523708,0.9724535989147445,0.9910609088853731,0.9857672173046883,0.9836186372644455
Denmark (East),2022-09-01,1.0376142357929012,1.020434467523672,1.0279777682554283,1.0355505720043319,1.0316865036105836,1.0330385954390613,1.0244359467480624,1.003569523901295,1.0328792186918776,1.0251154400883256,1.0343154157213899,1.0369062815537988,1.0103497295623276,1.0043246997088409,1.0369513371712311,1.0057500202388348,1.025047427472037,1.0437665355564205,1.0328140537137587,1.0299687015691539,1.0310662451786916,1.0240908330067156,1.0360256868740223,1.0323173358593714,1.02093160539825,1.029868815105767,1.003696986536048,1.0286146180244484,1.0227818806342241,1.0242174414661267
Denmark (East),2022-10-01,1.0218003236535778,0.8654662110884503,0.9169461792089344,0.7801443989926333,1.017696987730623,1.0057541102007619,1.0067628036570984,0.9378072615258738,1.0786338029952607,1.0123570662885562,1.0391841324733204,1.0257418334576027,1.0463787227584946,0.8526677520213172,0.9558248400235375,1.040932197819071,1.0224721822644116,0.8628991969961541,1.0217895702366064,0.8950835325532027,1.01189144650314,1.0369168994849716,0.9913362619175613,1.0458867534884684,1.0303406832307667,0.7979446785341112,0.9453011313327098,1.0679511539656628,0.9701724666638529,1.0380054415471185
Denmark (East),2022-11-01,0.8477529950902718,0.9152202900625096,1.0617911689441155,0.8546034938745084,0.9823259895364085,0.8992016542560772,0.7627027629749826,0.9456197858842009,0.7883532674117315,0.824594080007971,1.0602640480071097,0.9050721830044306,0.9991483510797938,1.0653810531357657,0.9134650178561701,0.7938629176096386,1.0957962960950167,0.9305361430528973,0.8709591638789724,0.9944422463028749,0.9263576104209666,0.9229251728780032,0.9568827771556564,1.0066459767656424,1.1089636570212968,1.038699770687914,0.9558773944266562,0.911585541363571,0.9252667862819031,0.9471726446600821
Denmark (East),2022-12-01,0.8566832010739422,0.7227509991320167,1.042513353881766,1.0401149035237875,1.0562923240959774,0.7391504099473195,0.730827709463739,1.0203382672633547,0.9250912650487568,1.0222591070171008,1.091082405093347,0.7137490444803798,1.114962423966258,0.9622147912277469,0.9891376156501361,0.8629696989409857,1.1088200934364358,0.6847137493188787,0.8609081810178171,0.8147221632141336,0.9440913136302785,1.11878270722275,0.8008992327215518,1.1142103725863761,0.9663882818995321,1.0505887238650924,0.9018350991410564,0.9762117205088541,0.9529563177131575,1.0981528107266076
Denmark (West),2022-01-01,1.039740922604896,0.7750670587364835,0.7828383899190444,1.0592334351395836,1.0754149064313783,0.9369525727943735,0.9134560789514095,1.036575243317725,0.9108637936462207,1.0434132341947138,0.9083798733747077,0.8438005388146862,0.9840832730822122,0.9394677895348701,0.9795695058160752,0.9953604287010399,0.9586667581299687,1.0797764403359573,1.114548429937691,0.8653466423817304,0.8278494471711573,0.9689452702338085,1.0962928888185717,0.9491523477336764,1.105583319894878,0.9324438536733594,0.8573893850531344,0.8140788512776815,1.0921257656760155,0.8373780091990206
Denmark (West),2022-02-01,1.0125779057553785,0.8988980393133781,0.9767742302788481,0.8682442708906751,0.9612986440688134,1.0279770733581055,0.9113542588649851,0.9500301194421066,0.9742020159824616,0.9654492033584642,1.0424008982216932,0.9762033388607628,1.0360292341059585,0.8567725351378238,1.0237692542899206,0.9758662720809327,0.8996936639434595,1.0364196489942283,1.0073848199117985,1.026291140575252,0.8701605272430932,1.0677315648652714,0.7842935455587946,0.9072652746451861,1.0451808336640664,1.0157953591819433,1.0633418066094822,1.0648798415427763,0.9510059563128543,1.01840244497337
Denmark (West),2022-03-01,0.942984617122539,0.9861996173063962,0.993289852552577,0.9159809411380645,1.0045288467121445,0.919876350281125,0.9747185347730307,0.9608967473143523,0.9494581308500004,0.9862782962854336,0.995954915733714,1.008469594250098,0.9741089874347422,0.9527352685696071,0.9694876643897342,0.9681892385444844,0.966385173903698,0.9478928891028576,0.9613684254989485,0.987686932374469,0.979110656371766,0.9728841148581611,0.9971447937124235,0.9996015085226475,0.9448829813467665,0.9670169610871965,0.948203414584777,0.9752357216526336,0.9869660009576428,0.9876750985737964
Denmark (West),2022-04-01,0.8838438140662278,0.880227752881202,0.873803196783281,0.9119241910358484,0.9156521346604231,0.8524945983196031,0.8967494198188305,0.8109169171566689,0.9190908705911893,0.913172897899473,0.9069400582488519,0.9146631708353534,0.87961274027278,0.8312989484623713,0.8918526399288497,0.9128152470516327,0.9014201178430797,0.8407450104414451,0.9219892667905968,0.8712511066503847,0.8758959361793691,0.8683386481081746,0.9022095374697686,0.9029681868513644,0.8806566899466441,0.8471968039636545,0.8968498045115029,0.8511571548449898,0.86123912951859,0.8540578239884381
Denmark (West),2022-05-01,0.920608736640841,0.9263478457140314,0.8743588525295795,0.9306753478696514,0.932058831229733,0.9376447895969143,0.9603005102753699,0.9360162486721005,0.9267417861275542,0.9388828212705609,0.9161040737565695,0.9266867662084627,0.9342871609737559,0.9270641816295565,0.9374955146856624,0.9122840183763931,0.8948127773908418,0.9249345116918851,0.9290334348824707,0.9060673551927632,0.9636272407577628,0.8578986805497864,0.9338331408833307,0.95759342924314,0.9513776475689237,0.922552403095021,0.9151291348384721,0.9505792909611616,0.8992806533361316,0.9304875607546318
Denmark (West),2022-06-01,0.992615088821226,0.9525613588147568,0.9827398034317352,0.9763637374641237,0.953444284777055,0.9833347114324382,0.9560797129424645,0.984975795196907,0.9809741718072923,0.9734559096203491,0.959893546981154,0.9705475757703432,0.9535230357704727,0.9706027513178307,0.9537140214835975,0.9654415146850376,0.9749596692470099,0.9816575866223842,0.9662149163087295,0.9588877952941085,0.9662100527842086,0.9799330578643262,0.9755882916615548,0.9720390730889418,0.9654871893253638,0.9624173126013389,0.981900387434803,0.9307832430367645,0.9779494332786544,0.9507503565847828
Denmark (West),2022-07-01,0.9303155344794206,0.9607498267689047,0.971379863207292,0.9637416025681704,0.9619100329216181,0.9551658889857265,0.9582449772639893,0.9851434259259579,0.9788053561314529,0.9686878849985922,0.9966217167401987,0.9706049870992774,0.9810742783754633,0.9609508788190333,0.9562811360437662,0.9670669008176253,0.9521868503933192,0.9553421001090493,0.958776372441812,0.9443684697173794,0.9537574608670838,0.9883513381908186,0.9494065280915288,0.9611773905950032,0.9694894194006966,0.9086314384018814,0.962284569655769,0.9519475638886855,0.950439980818245,0.9577189330424261
Denmark (West),2022-08-01,0.9575138812131849,0.9680926999096786,0.9313466694730642,0.9617995775023075,0.9539439573601936,0.9705482470976166,0.9881514776425235,0.9843657235423288,0.9706474600841931,0.9911052454816857,0.9714027612232908,0.9553464669565379,0.9906971366524474,0.9643584523990103,0.9528211203093688,0.9840903026265649,0.996306692514826,0.989253799467687,0.9652021033216227,0.9515533871790476,0.9883969831416631,0.9897033179457569,0.9727286147104557,0.9809129453776522,0.9782776060442733,0.9848093992885137,0.9558307847232501,0.9789246145718559,0.9723432210692373,0.9805870938073193
Denmark (West),2022-09-01,0.9997689404903495,0.9785621449582362,0.983873781272123,1.006889827220511,0.9835893397084331,0.9878755235444606,1.0026438858422744,0.9645174773140823,1.0182549648709942,0.9936927491609351,1.002156793306163,1.0232166058157532,0.9852147908855697,0.970048680459406,0.9874687586206592,0.9798383012820808,0.9641051212914609,0.9789823029699004,0.9974194758135853,0.9947736802111268,1.0031673153677552,0.9986324104187714,0.9985133905971822,1.011664549068939,0.9871889398339383,1.007791996585699,0.9728106896728056,1.0026519803253007,0.9479770901304092,0.949569722583876
Denmark (West),2022-10-01,1.0135095146814213,0.861725479431423,0.906009561816438,0.7806119682549479,1.0119810525171666,1.0050697473648602,1.0089619243495453,0.9329695223796436,1.072786072287802,1.0129416655620482,1.0361397947885784,1.0220318026798512,1.0431120324466674,0.8563965552271292,0.9492536193140383,1.0367995241318808,1.0189441104133807,0.8607936273183162,1.011420558889411,0.8931095316359685,0.9981692069873451,1.0314572651682135,0.9837883834442044,1.0289121293084995,1.0290913467748726,0.7975275235789333,0.9405442765102145,1.065959430944888,0.9755887596201188,1.0384520502764838
Denmark (West),2022-11-01,0.8367485017397106,0.9117538348446595,1.0582694950612812,0.8492090902436804,0.9812510236570792,0.8882440273172368,0.7580436371799195,0.9453984134779173,0.7848336859292168,0.8227689242719418,1.0548851467977003,0.9024023839085832,0.9929940970022426,1.055297109467633,0.9103793510577213,0.7898155006474148,1.0897204338487216,0.9217777901993288,0.8665331016759117,0.9877419829304748,0.9241235728717744,0.9225029148990993,0.9598001874706444,1.0066949136851326,1.0968326819183247,1.0270054635197656,0.9583126748556385,0.9040540341575978,0.9188970815001885,0.9425286842046461
Denmark (West),2022-12-01,0.8570435792271465,0.7237882137493196,1.045633532803168,1.0485531729119744,1.0609907863456474,0.7393513224488961,0.731116012425075,1.0158209928400654,0.9227576111698094,1.028467603496412,1.0964321020958563,0.7140297920467749,1.1162594083584614,0.9640413155106219,0.9896308911718639,0.8640123206353935,1.107830582033367,0.6853341571289765,0.8576966022611062,0.8087857273876675,0.9394799703240024,1.127004876498129,0.8103847653914742,1.1152815466249533,0.9642392891199019,1.0537269512717855,0.8756274617993425,0.9773377222397247,0.9533476333143021,1.100826859047255
France,2022-01-01,0.9674152777253954,0.7481227361817134,0.7692458722180081,0.9220288598285502,0.9972934392531325,0.8152724332333007,0.9077123306988436,1.0813608422774217,0.8159266442429032,0.9822014205049023,0.7930846028891894,0.8346476399885048,0.9034220518901892,0.8374816252463881,0.8947116023234597,0.9577625857596953,0.8694804843901525,1.0018062743760066,1.0607967004337826,0.9166272916980978,0.8624537329961742,0.8884732519087559,0.9794638822859079,0.9533343937605335,1.0397397268639148,0.902843441064075,0.8432013454120815,0.7551692107092175,1.0713972695920697,0.8054509318391255
France,2022-02-01,0.9746199189253077,0.9582287194645169,0.9206728286443803,0.8756836663890082,0.9568672432399697,0.9999857448028944,0.8831366913762483,0.9264762948821818,0.9006932980161025,0.9418423999133845,1.0044193236511973,0.9479762107009992,1.0038558222598182,0.8321896642274212,0.9764996695642391,0.8414317110613765,0.8563848467209416,0.9706305510866475,0.9577434347251268,0.9807532318132107,0.8419834261327908,0.965640324574793,0.9057661690427401,0.8626853229358925,0.9789559389312867,0.9548728841216947,1.0046371383178088,1.021394310041516,0.9223721080192356,0.9694404332683711
France,2022-03-01,0.9287379591918273,0.9683228545236023,0.992379346296363,0.9342756923781526,0.9863729251235074,0.941382907839922,0.9599995574306129,0.9414815255534977,0.9456797588999207,0.9679459054611949,0.9669288939800464,0.9944313072668681,0.94621284309567,0.939285464608286,0.9570251894833443,0.9039759188749001,0.9596770435385027,0.928938441706506,0.9744321312736447,0.9569600503075206,0.9471647668819267,0.9470677121932166,0.9429426654813587,0.9703753288626522,0.8934724277424758,0.9508352984829792,0.9516728965485868,0.9462558861466281,0.964296743027447,0.9415178492276278
France,2022-04-01,0.8939029076189302,0.8839082239353132,0.8730966971506023,0.9051239555308328,0.9137816403991322,0.8983016676282906,0.8879603514015599,0.8664721261425673,0.9230014648818631,0.9084099287464505,0.8960716935923596,0.9134323542821382,0.8923401947142574,0.8522509470486199,0.9027346003997303,0.91331631349923,0.9032313802478765,0.86086516234368,0.9084444683264886,0.8966584531756318,0.8919564762315084,0.8924917535838303,0.896816761219324,0.90151584978922,0.8952768672390821,0.8801815033669226,0.8793897004731545,0.8842970183789327,0.8652225249379794,0.8893612290256521
France,2022-05-01,0.9151886115663999,0.9330221065037663,0.8848416080702199,0.9293707545340189,0.9287927260726389,0.940523507174264,0.9592181859612182,0.9282293583014505,0.9250335450157333,0.935312031911255,0.9207655701080272,0.9291395141704026,0.9255989148386807,0.9321353955424766,0.9304368483512726,0.910100002314401,0.9081311927831615,0.9041857826684591,0.930687081041028,0.9090733896292273,0.9576969248867266,0.8837080317408914,0.9165098249777288,0.9487342755754449,0.943141987748752,0.9127324878512292,0.9178370409286977,0.9410125721809743,0.909501400679041,0.9215555009523984
France,2022-06-01,0.9931162998123287,0.9526407451354162,0.9780739521642507,0.964232622879827,0.9501184202578318,0.9704661061313724,0.9582514278693292,0.9809441109592473,0.9642386944000483,0.9658972704728325,0.9506017221588688,0.9724146119510585,0.9587531646501303,0.9700255676779019,0.964957320332266,0.9566585281016614,0.969917943099055,0.9656840481445179,0.9659882359490025,0.9591879140467559,0.9710641026352592,0.9777383306250179,0.9644521568320683,0.9717907038526046,0.963857270486312,0.9658344622863445,0.9693237861294415,0.9407602293656537,0.9786482537072527,0.9482902432158727
France,2022-07-01,0.9486654695928629,0.9712892365207528,0.9791122966774829,0.9492823801164497,0.9735309620847682,0.9636751075202504,0.9625545144287597,0.9900316646025709,0.983548071965373,0.9746629581794247,0.9910698023758556,0.97208667902568,0.9782509109235623,0.9756686645467636,0.962001235758043,0.9714673614954881,0.9737450179158363,0.9575077033744176,0.9646480046332578,0.949523021359787,0.9500663885005232,0.9759461413568252,0.959864672551181,0.957608539250292,0.9740494159819567,0.9496391939339764,0.9547130392103259,0.9645660008869547,0.9608598147635844,0.9790425850262936
France,2022-08-01,0.9640976744426634,0.9733746274746162,0.9574963939229131,0.9723264158620321,0.9682020134117463,0.9715989953122331,0.9919953103408036,0.986933134960211,0.9683783102375932,0.9924502052196532,0.9736060432334783,0.9573266420079374,0.9925066614734133,0.9708890594639968,0.9661082309389726,0.9825955968321793,0.9908691766130501,0.9963176483776072,0.9670144249318797,0.9677010187126401,0.9874806114791386,0.9848316656649961,0.9698643409324931,0.9783351540651152,0.978152221019972,0.990855717826737,0.9641999318069814,0.9811296030113545,0.9783308043224666,0.981890613588328
France,2022-09-01,0.9924624448257049,0.9815503180150976,0.9824878809964053,1.0072105570231116,0.9791843767154443,0.9965285733815726,0.9977678331227385,0.9630257568999925,1.0160537363141795,0.9955214728288733,1.0022584935497434,1.0190750847410646,0.9853900481793412,0.9624489692847953,0.9846985959318406,0.9800876349048914,0.9791595345233567,0.9702959507274176,0.9990355251085807,0.9882941946098912,0.9901125764850989,0.9935171770761676,0.9796966464891728,1.009994133413919,0.9869625122196868,0.9983605076799879,0.9741173802458755,0.9971231718889009,0.9535435509951959,0.9554464195301747
France,2022-10-01,0.9783265400868916,0.8101548609020732,0.8677342482771727,0.7608369527174133,0.9779626169169479,0.9864929840508262,0.972000382635147,0.8641320197780644,1.022186164663445,0.9887664523663084,0.9980745565941773,1.0012470257381756,0.9959274588736685,0.7983158641157166,0.9396921730924379,1.0000607989531876,1.0054227816451833,0.8389650467818442,0.9937402498789737,0.8817806466434301,0.9595218219741045,0.9922113265807169,0.9625740156545053,1.010576713011361,1.0014655426082633,0.8020080811526322,0.9040179280537649,1.0037182888454848,0.9375375035047668,1.0013143663382877
France,2022-11-01,0.7925870255449259,0.8958275629869956,0.9945649676928968,0.8490330757829743,0.9593442295838571,0.8324617444536635,0.7259287415070825,0.8988319113484649,0.7280666369856605,0.816427130800347,1.0180559175987003,0.8442588714053095,0.9525994162719504,0.9864793946979238,0.8747017787600228,0.7812613905415232,1.0263586005736096,0.8005850058409315,0.8527228732280172,0.9527463898107875,0.85928869600824,0.9186460499158903,0.9053064219252704,0.9671655686590419,1.0417411150021436,1.0380778287000487,0.9231504915947416,0.8409418275036055,0.9060512091798774,0.7943208795122881
France,2022-12-01,0.8359915221400103,0.6952866481262686,1.0008933642411253,1.0373014240693121,1.0019030836047644,0.7066589811707946,0.7155523636165174,0.9673985402457072,0.8637741061655905,0.9623949009254582,1.0738111724391441,0.6943492284817494,1.033528120412609,0.9190692484052184,0.9627186297530237,0.7933933336718859,1.0447110965239919,0.6909164078682895,0.8356176037159154,0.7936328673919888,0.7757131551099571,1.095065365011509,0.7342526889681126,1.0409221448180728,0.9422535109021583,1.0182586634925335,0.8106318206508148,0.9185804864772296,0.9131946766767784,0.9832912885594843
Germany,2022-01-01,1.0179480058095265,0.7531876730097482,0.7743827054083174,1.0567737669548742,1.0528721784851922,0.9268385259903058,0.9105298962174823,1.0212808394684374,0.8713927855588376,1.0254355325272795,0.9068989277671254,0.8513318512135957,0.9714368964098022,0.9245501211049757,0.9756996683403946,0.9938410980724758,0.9312419157762886,1.0745308027317484,1.0988825687480905,0.8538025292921111,0.8185514790505121,0.9396612073141734,1.0837545775557607,0.943622446970117,1.0713567327325333,0.914599948192725,0.853305457411251,0.8099245722536232,1.090062392141746,0.8245678507169109
Germany,2022-02-01,0.9864072447942104,0.8142888218987729,0.945803708997412,0.8600962760656212,0.9336728868948284,1.00934376374302,0.8986508081451376,0.9300438215191297,0.929408240635464,0.9552848363137819,1.016677357993091,0.9528705101077067,1.006780625852583,0.8436899240451488,0.9898983112601552,0.9375486582657722,0.8877645198597074,1.00531920551957,0.9627901799673765,1.0155542562808626,0.8829057045701656,1.0178872638805816,0.7850473311400918,0.8990837605766385,1.0142078262281806,0.968778564610451,1.0393963283473977,1.0329227599430946,0.8986065082207064,0.9851608043110114
Germany,2022-03-01,0.8943773140405314,0.9667741504601375,0.9737402084447314,0.9061828267680399,0.9851176579468675,0.8864139515451382,0.9430525357905618,0.94970971829754,0.9219344216036217,0.9740402164320041,0.9795427225212903,0.9967674471143287,0.9487043246213235,0.9339072804467893,0.9554545240200237,0.9611562017892026,0.9570094130453985,0.9092271700604988,0.9447869159005624,0.9703229072850187,0.9503223147137677,0.905377222463735,0.9539978207434069,0.9758174828002609,0.9047170801102156,0.9385621281874226,0.941189174513515,0.9504054436494132,0.9582192168158404,0.9446393104204626
Germany,2022-04-01,0.8824037732035649,0.8752079253490336,0.8734171158310741,0.9074729872044698,0.9139184054807257,0.8493124566484912,0.8964816369459482,0.8002447886895068,0.9174021171409332,0.9058161574061518,0.9047257769646867,0.9133720159816113,0.8793586002464433,0.8304871261175395,0.8876377208847663,0.9099911972262689,0.8983482721719941,0.8277715191713557,0.9219866615893169,0.8709118212578199,0.8687223185923189,0.8651725333500806,0.9010765009432465,0.8975414418545308,0.8786146534552389,0.8431380182303122,0.8915920541525184,0.842159107173012,0.8559810116813881,0.8529313620131275
Germany,2022-05-01,0.9139520537456085,0.9258508998544566,0.8690287556899801,0.927636301043483,0.9301242441426896,0.9326173946599003,0.9599861303787728,0.9310470813553272,0.9233049158095448,0.938323120608477,0.9093696473662242,0.9211128543622319,0.9298743818963656,0.9253735341013057,0.9232926989278287,0.9111991128441933,0.8884914065535058,0.9246767454425522,0.92743349994318,0.9079043637426978,0.9641616995360464,0.8498185783391158,0.9217766351607687,0.9555861022237936,0.9515482775725429,0.9190484116995556,0.9141130216495251,0.9437114179011391,0.9002030733268025,0.9250271405953266
Germany,2022-06-01,0.9921029127081196,0.9470668671569088,0.9804513181546806,0.968054859895229,0.9391003296745544,0.9756480728753191,0.95130370834592,0.9761335561241662,0.9755827594020006,0.9721722516099679,0.949386904848784,0.9701416741661122,0.9538637880138726,0.9616420597864327,0.9471562554664384,0.9577936677494965,0.9694398870768689,0.973758312703423,0.9608585456799748,0.9513873944855741,0.9623488822247241,0.9721874114785741,0.9620428925232263,0.9634555399383293,0.9609697386891547,0.9669361428164485,0.9788941820394488,0.9221664194892475,0.9758321264240408,0.9454585522689403
Germany,2022-07-01,0.9246851774147057,0.9585042223535555,0.9656289432619585,0.9444464070268433,0.9607515896839839,0.9553137226886459,0.9505803383957881,0.98756096031732,0.9788481480876411,0.9686271538985706,0.9883854687995397,0.9686457594526113,0.9772288500571468,0.9659937444791564,0.9584149822494377,0.9676489506978853,0.9520794845876932,0.9407800388607778,0.9631632282724004,0.9347804438429193,0.9460428511045104,0.9797684480220142,0.9494585831666759,0.9550170639338894,0.9727820391544652,0.907889351325724,0.9534574008510048,0.9514930313314091,0.9491830901002356,0.9393829419800238
Germany,2022-08-01,0.956506529234796,0.9704323649221573,0.9329809860115774,0.9578360407636204,0.9436085853391626,0.9718039112664294,0.9884548564182029,0.9844520853698632,0.9655069082559833,0.9908200336820161,0.9706888797523779,0.9488297472310252,0.9917132936901181,0.9478850508574679,0.953377444647366,0.9809973298829131,0.9951185992193935,0.9891499701336744,0.9598436804461173,0.9549912176345312,0.9871779563942524,0.979906494086151,0.9669872550540396,0.9791107854711096,0.9789748175128214,0.9902171500565284,0.9507878982907089,0.9798346000187123,0.97229729197199,0.9774793736120057
Germany,2022-09-01,0.9957263508840647,0.9764412230591288,0.9815856617981922,1.0032776347696033,0.9790976357465332,0.9862322398737076,1.0029367108638352,0.9589828847971661,1.0158940591304395,0.9920453158547512,1.0005944068491912,1.0239472281006063,0.9855449706033937,0.9654618676679536,0.9828972183080367,0.9761062945638358,0.9613866705177272,0.9708150417988103,0.9967559104237222,0.9889555054286273,0.9980514461934504,0.9970207846738567,0.9929160779960271,1.0096018131501325,0.986248312138154,1.003466432567271,0.9705538368874133,0.9995761044586949,0.9352698824033281,0.940208256494114
Germany,2022-10-01,0.9734826144743576,0.8560027921211225,0.8938741248018826,0.7743644902570993,0.9815503004601863,0.9872655898756452,0.9821398552758414,0.90483396547554,1.0464413168043503,0.9831996462766507,1.0042674652307988,0.9994211629231113,1.0108900127908769,0.8406740060900347,0.9319076647459053,1.0000910717537523,1.0080062173581494,0.849401676193876,0.9891383037030929,0.8739394336690027,0.9856494477562453,0.9966822482509309,0.9685161767573433,0.9989274733323893,1.007380858444274,0.8032507675972941,0.9138522454380218,1.006367666441867,0.9406292877043372,1.01132358972562
Germany,2022-11-01,0.8197366479861342,0.904724684015278,1.0219504192282922,0.8402208984949968,0.9543635326917331,0.8747658797999651,0.7574424132876456,0.9140325819508844,0.777272080339602,0.8251215445766722,1.0241018650168383,0.8784323828684005,0.9671596142305763,1.0109742554333114,0.891484911107198,0.7827392673977702,1.0389275209494497,0.8983617145109246,0.8610701323972463,0.9576845431257989,0.9120542707653484,0.9008939333821929,0.93000030658021,0.982005732590215,1.0430209974445177,1.005647249932846,0.9310306442967509,0.888775719998566,0.9146888422453897,0.9184955706008692
Germany,2022-12-01,0.8468065100659279,0.7221582450724143,1.0095664248496499,1.0169253437562549,1.028512808385984,0.7498396183809609,0.7198327892831525,0.9975319564864423,0.9029083451436201,1.004156299089106,1.0736578342438987,0.7094769740528774,1.0750009423124678,0.9440576718272276,0.9667087421731139,0.8467729157579352,1.058306811814138,0.688226280430103,0.8511264604623398,0.8001359311258125,0.9325374257466532,1.0995426401658976,0.7990355072041114,1.0688426998409721,0.9542931234721282,1.0333741162516654,0.8446844832729006,0.9478161108663997,0.9390364608885245,1.0734477403901432
Great Britain,2022-01-01,1.0566143344136367,0.8212720847893059,0.8012507344298773,1.0936466748650848,1.0426430021124637,1.0521482461492702,0.9679964034908679,1.0585849599461743,0.9001263779462915,0.9889433758056974,0.8729182932815189,1.3099439262516621,0.9527109617762611,0.9438981159686008,1.0153398982424247,1.0694337838575076,0.9115197481611732,1.055795067422093,1.0669001349839267,0.9850617043386297,0.8237827867927139,0.9402352766921818,0.9384055263446088,0.9095748445896744,1.0352183707218727,0.9492782464173967,0.8753797600262304,0.8137567126753106,0.9821530384568343,0.8463744971856433
Great Britain,2022-02-01,1.1078734116862012,0.8625478313908949,0.9750899502909097,0.9304051602272351,0.9917841999855954,1.065670564167853,0.9229386353049388,1.035134494221027,0.9613079719848852,1.0125077053948377,1.0452330148512399,1.0065403555415906,1.0784726756145058,0.9947573317958418,1.019144694901031,0.9973504554442066,0.9716479558221164,1.0087095947547347,0.9971667152464015,0.9979621014741548,0.9563448938071877,1.0397345829174327,1.007823534957916,0.9162934648097298,1.054105181957346,0.989067863188359,1.0208536908615404,1.0580913001200853,0.9931590541122621,1.0055118604228106
Great Britain,2022-03-01,1.0075995867341176,1.0323255010651466,1.057917223397684,0.98322999528349,1.011263935512517,1.0163128626765716,1.0114936339303298,0.9821342491629916,1.0311875737852894,1.0171849306975393,1.0172028763415724,1.03775418415023,1.025032522013955,0.9898486135275839,1.0120069975289552,1.0102968866445678,1.0339479756795593,0.9647139175123101,1.0293626571110628,0.9548976503911903,0.9963469968525719,0.9825877236266259,0.9898505864507603,1.0112795400817798,0.9968009828204819,0.9929715551398738,0.9935702289901188,0.9861948401358531,1.0352833559169285,1.0301326049013717
Great Britain,2022-04-01,0.9632591234392579,0.9814606976157565,0.9836604795080197,0.9481277006455965,0.9739665500148674,0.9683896133057855,0.9889891902942124,0.9744541387657848,1.0409869926118156,1.0110285557192635,0.9672853417112208,1.0346630195425843,1.0066464489720068,0.9762798073913466,1.0147503409360765,1.0190577245729826,1.0247066808951404,0.9748439582323651,1.0198344074957701,0.9551471080548343,0.9965389376875887,0.9950826833453272,1.030478870355337,0.9639493408546843,1.0021328764499462,0.9519258852426548,0.9802739017154003,1.0061233797211,0.8340400387078053,1.0032058604551108
Great Britain,2022-05-01,0.9696663826788325,1.0327598453008033,0.9726517480856142,1.0454147585866818,0.9865963106987264,1.0048256962509106,1.0105466288558194,1.010272620515691,1.0142530082810384,1.0523309610162872,1.0082655189513179,1.017496534865698,0.9999691014351964,0.9692537204147744,0.988390017471201,1.0230125941280528,0.9947918232451782,1.0091860507954253,1.057188354397121,1.0232549959120394,1.0002648464840704,0.9648801329538155,1.0041319986396395,1.0361498730204604,1.0140383644176463,1.0345164332524885,1.0170538170974686,1.0114896157514404,0.9961728563383455,1.0346869672288566
Great Britain,2022-06-01,1.0397636593336095,1.0026147870135325,1.0558723965153405,0.9696280317221483,1.025071647114207,1.0279654815170949,1.0392245250034364,1.0456402784571985,1.0351094946917332,0.9753925582259845,0.9985365560151426,1.0201606765186584,1.059507177588642,1.036764945898159,1.0403026948865255,1.0365518162530747,0.943743818706361,1.0359870280635473,1.0150423744994983,1.0022528232032724,1.002185214339746,1.0415997124636471,0.9826091475027301,1.0192767070816193,0.9385142367196752,1.01474989384286,0.9391546937753024,1.0290462942149528,1.012071004722289,1.043187076984513
Great Britain,2022-07-01,1.0571448386294862,1.0099941492590316,1.0591462555174516,1.0490427192478045,1.0475659374126607,1.0502954341876054,1.0484654745630662,0.9855523330331805,1.057752275337068,1.030759560273385,1.0075218542714202,1.0038659510625985,0.9984879023679633,1.0435934805089575,1.0490736463010137,1.0406156672464435,0.9938788547840638,1.01899655697477,1.0366506854142168,1.0546493548427411,1.0139715170970458,1.0375989888517976,1.0379828751276734,0.9764386100037378,1.0461482727029066,1.0568498472814567,1.0545288747556998,1.0446719053283027,1.0229542087712467,1.041831577372714
Great Britain,2022-08-01,1.0486922955502367,1.059223085836324,0.9965063479322116,1.034495463375181,1.0222552383176746,0.9895834365315811,1.0302039154379963,1.0219746109134937,1.0488582991424673,1.025311560587437,0.9871695135490861,1.0331891051707676,1.0313638775452698,0.9934652914051763,1.0275987600671168,1.0136039675059336,0.9605531508450798,1.0002616097376649,1.0418671202543126,1.0229873921380523,1.0368087521563265,1.0271067687805118,0.9816067140904874,1.0152719394437455,1.0441549335975695,1.0507547636605705,0.9636477482005924,0.9860890522953575,1.0453784148589298,0.9995261882219592
Great Britain,2022-09-01,1.0373252122908674,1.0129144086658708,1.0372739867968468,1.0375821739047608,1.045398390635578,1.0563395952526429,1.0465474583118801,1.0391482420039975,1.076261924250722,1.0679623960018894,1.0644377769697195,1.0723951801254417,1.044487911409899,1.0390856676555305,1.0644779581655448,1.0154124951964534,1.0463325935441732,1.0015301699508392,1.0534685914387192,1.0455842493083534,1.0217624594254926,1.0380609002681398,1.0351576051275397,1.0656668932504278,1.0381260014157385,1.0146223488568014,1.0327274417279528,1.0502603418779684,0.9919375483941558,1.033967214998466
Great Britain,2022-10-01,1.0319835315168182,0.8355679835518739,0.9000434028703147,0.7941127540427382,1.0249960297794327,0.9949912150156371,1.0032602979792205,0.9087119459410812,0.993465610822337,1.0364195921836354,1.0336792484539825,1.0368940372782443,1.0306621396624955,0.8260286967439286,0.9550174435177287,1.046643276909927,1.0210410101706617,0.8664280469821376,1.0153685671944657,0.8685219494787476,0.9908580053336061,1.019816712944204,0.9892175481135534,1.0499752954288604,1.013111757531076,0.8397496050026589,0.919575811761249,1.0385476928461597,0.940503884871138,0.9535715058991007
Great Britain,2022-11-01,0.8110300040192736,0.7576860870824835,1.0016422760282286,1.0321185639701995,0.8666753971632096,0.8366877941552124,0.6866321624473755,0.8649144202278388,0.6589599545425907,0.8422530122432977,0.9338706685975958,0.7708734487849966,0.8133254938405312,0.807900977660316,0.8913795697858689,0.8828181390247979,1.0122587217985013,0.7601092226166302,1.0697930050555597,0.8234034550139288,0.8177634023594476,0.9282308379483967,0.8238960606430913,0.9175043303031886,0.841094729973189,0.957538608109725,0.8133680428948367,0.8408821100035799,0.9401676678237818,0.6744355492616562
Great Britain,2022-12-01,1.1750824117438476,0.7967027323838994,0.8112131767824451,1.097234578196243,0.9216549123326457,0.5693868512873755,1.0660278296198304,0.8612015262130354,0.7651538598944926,0.9139620420019535,1.0038424062323923,0.5846034215138814,0.8054734014652715,0.7757951979799607,0.8628429413253593,0.7523800410681826,0.8444512548285468,0.6907591874019303,1.1795706888850737,0.7586853616151165,1.2915233220235935,0.9861149632500349,1.215046671818719,1.0285930587209027,0.7890504108312246,1.156327512604828,0.9634485611124816,0.9376660480993964,0.9524715128106239,0.9883759333253339
Netherlands,2022-01-01,1.058506777363858,0.7771460751954195,0.7919263053873076,1.0382876045122156,1.0566045666682822,0.9838936086231527,0.9147210179292975,0.9364588396655932,0.8913874497743915,1.011866902423138,0.915790411371991,0.8419809763307329,0.9853267692352806,0.9563067056599253,0.9993157791328762,1.0900401857759952,0.9776904328874193,1.0585322355768039,1.0906620271629062,0.870175232380306,0.8394438887337481,0.9279157046619008,1.0732771006373418,0.9533072569369911,1.0627739140367574,0.9298560611216675,0.880698085114906,0.7709149001284402,1.0904061053769385,0.8458184340723729
Netherlands,2022-02-01,0.9773081529413906,0.8215915255805418,0.9453096877897436,0.8810756311834844,0.9368680712352527,1.002728735610824,0.8981974042952248,0.9376118743514411,0.9200198533959216,0.9938399882312282,1.0089927616368866,0.9499864607737168,0.9836749341154423,0.9264317749493874,0.9837611644523802,0.9786229572670949,0.9125661013968887,1.0024355927326276,0.9588772171812735,1.0180652155527257,0.9736027898672859,1.023009631371439,0.8236573496598053,0.8970950497463553,1.0054023848138391,0.9705094240107077,1.0304864083216339,1.0320864975839195,0.9335807997109439,0.9805830750790535
Netherlands,2022-03-01,0.9014240223721635,0.9610966663989835,0.9977382900282812,0.9028515439483247,0.9621430956664142,0.8821293147868845,0.9463041775581307,0.944073416095396,0.9710176128909446,0.9794535870107334,0.9798266265722074,1.0022394396249659,0.9385696500225548,0.9238205944484951,0.9630724875889644,0.9592323589542306,0.9570241320612046,0.897498035438844,0.953418762921336,0.9705281380034573,0.9529528146610952,0.9208999529959687,0.9333857170976144,0.9662010922335565,0.9027964632077471,0.9524340401710337,0.9494928929674841,0.9276944605331776,0.9712892986668367,0.952005022616197
Netherlands,2022-04-01,0.8768975912647016,0.8912156247723069,0.8901995251803859,0.9108718122723943,0.9184147988357221,0.8938589982686198,0.8965947302769263,0.8477964969149244,0.9313750883908691,0.9215452788677063,0.916104739627452,0.9169746228212867,0.8772488437942098,0.855296677070428,0.9061006404251956,0.9129006535976294,0.9076712251449257,0.8619101042699885,0.9203603432223625,0.8761480134465189,0.8878054197039542,0.8731409971671719,0.9090348754763277,0.9016907674510174,0.888833920282976,0.8589753683626756,0.8918321588615455,0.8752399508573392,0.871505397514504,0.876514062287367
Netherlands,2022-05-01,0.9140351628260805,0.9318538254689107,0.8691590409238126,0.9271780557925828,0.9373446198303106,0.9336234259610001,0.9674115553799975,0.9312515385383697,0.9234069554607416,0.939731157490048,0.9126928617202652,0.9211275748613279,0.9319278082072359,0.9260562775642129,0.9329193678387633,0.9132498397021911,0.8974101619516274,0.926787695362437,0.9315101139246602,0.9069779338805476,0.9625744054124318,0.8567200551938282,0.9208949647314673,0.9551096550859982,0.9506409624512704,0.9199047214828991,0.9168755839350443,0.9444811723516688,0.9049045488097214,0.9246128461868222
Netherlands,2022-06-01,0.9922670213366086,0.9508032957871252,0.9802018566314237,0.9728402333741165,0.9546229141937049,0.9730264805104705,0.9594826045130833,0.9820568512373944,0.9785573438399948,0.9720895736054597,0.949410030033206,0.9702053966768606,0.9582315384780855,0.9623295474141672,0.9523347929160556,0.9569117881890352,0.9720624003561864,0.9753488515544607,0.9616337284824993,0.95768098792453,0.9593296900527772,0.9762602200181523,0.9711973834714716,0.9653781538981421,0.9604104743379877,0.966316751181257,0.9832313456610015,0.9355644361345473,0.9744657359844735,0.9504309652499735
Netherlands,2022-07-01,0.930966700673135,0.9632469357788236,0.9690188733476496,0.9474721213659878,0.9633141529601476,0.9560887853225063,0.9569325978928772,0.9888178020038456,0.978751205735165,0.9691925051012426,0.9900386427500588,0.9693006887796906,0.9789570285010585,0.9664987197490228,0.957995486066525,0.9705298373187721,0.956393473240298,0.9480918261963922,0.9646273858468337,0.9373454122266299,0.9482866830976242,0.9761957520626549,0.9592406031167039,0.9550452436788984,0.9719431074404383,0.9139793450916931,0.9543588002764887,0.9532786338661876,0.9523602397327868,0.951112050630753
Netherlands,2022-08-01,0.9545109478645671,0.9707188104077598,0.939641803100906,0.9585500590658792,0.939716696202284,0.9719176139588259,0.9880218206250816,0.9856992624041758,0.9657977614223796,0.9906343876199447,0.9709925164477389,0.9516761782098024,0.9913288965037426,0.9489645079849085,0.9533718326673709,0.979957304939019,0.9935221470740074,0.9951087077712448,0.9604008748795917,0.9553805828086412,0.9869527854478483,0.9792383084209946,0.9655673189432121,0.9783524951746754,0.9776159054575875,0.9879816706448878,0.9518689398949446,0.9777662275642387,0.972084776035538,0.9775649874173076
Netherlands,2022-09-01,0.9946061778719186,0.9773758870483178,0.9804754274966454,1.0034029086698102,0.9797196648661302,0.9852345226007201,1.0022975837050268,0.9588396403435304,1.0149201975013276,0.9918491073097273,0.9996346375683389,1.0221448049285526,0.983837941852063,0.9649933693234605,0.9839477674360484,0.9768005997036355,0.9710749566986815,0.9694894964545823,0.997940538707753,0.9886231095569251,0.995879361950813,0.9973473693002844,0.9928797121052458,1.007969565937797,0.9853518973603402,1.0025680605173888,0.9718181221405265,1.0006391838032536,0.9353914178947034,0.9388356249659487
Netherlands,2022-10-01,0.9649505751332004,0.8592205885401656,0.8866009113130885,0.7671639835882574,0.9790674285040094,0.9839477150194977,0.976235310942399,0.9041202691526046,1.036961444634721,0.982993276173307,0.9959359794938737,0.9983425279237548,1.0047908442711364,0.8405166967456676,0.9246109236719806,0.9944382381688346,1.0014788588390653,0.849188275217979,0.9938129983954207,0.8796927822123198,0.9831148274378246,0.9917142816079147,0.9575041612841546,1.0116779325376632,1.0032094708712458,0.8019705380509171,0.9085371626544944,0.9999489658876847,0.9437877874583569,1.005196433370354
Netherlands,2022-11-01,0.8183205184380705,0.9068428451326684,1.0151982736961276,0.8386972717684256,0.9484083443441281,0.8681808855365647,0.7563252085150192,0.9125815669046794,0.7767720068559879,0.826177104852354,1.0246239194504876,0.877878759137143,0.9681133202634701,1.0037604427682396,0.8919103807872268,0.782398395419324,1.0341702925648468,0.8946208491905918,0.8629306943595371,0.9561964568001591,0.9177814874536515,0.8996360666488223,0.9268089575779315,0.9830255906234564,1.0458648466932718,1.0049968858660503,0.9275501013647796,0.8815988207127452,0.9137149042283428,0.9185072481751698
Netherlands,2022-12-01,0.8285071615512121,0.7235694725978787,1.0075694902240573,1.0112870427247231,1.0253415300743742,0.7461300010933024,0.7186680119755388,0.9954405314528849,0.9036098063176229,0.9976446844568017,1.0610707802025712,0.7140417121722691,1.076575058013509,0.9443341290829892,0.9674104726301429,0.8449423789762068,1.0572996365075418,0.6888682322696194,0.8496927929445862,0.799725068938594,0.9293788490157785,1.0845247908427291,0.8021057545571282,1.0591590723926683,0.9564892669386862,1.037271066545088,0.8416419784512091,0.9398825811232161,0.9332877376047104,1.0670469009294885
Spain,2022-01-01,1.0036084601142106,1.001176103667663,1.0084104506180562,0.9978059201454857,1.0037794619373368,0.9906047953009948,1.0345787860293594,1.0032113201707116,1.0168333766602944,1.0133134923559273,0.9949905266942958,1.0121086083651882,1.0070903430318,0.9770596085389294,1.01673651661413,0.9954511158405064,0.9825665688810624,0.9978820516661651,1.0064293329143208,0.9989246262364214,0.9721069226244163,1.0040437009712133,0.9969398294372982,1.0179195317007277,1.0317028268451303,0.9973255145172152,1.0126593723911606,1.01164947225087,1.0262903380262003,0.9918087001133974
Spain,2022-02-01,0.9376891132243148,0.9995339780007991,0.9784536538465575,0.9705643470204331,0.9530886911883534,0.9538817322998148,0.9368881615251744,0.962153752614403,0.9811817632611745,0.9968243412359813,0.9791051449765522,0.961655449201674,0.9415173945888432,0.9883382111747332,0.9661542982388108,0.9798315984886368,0.9724139444671295,1.0007796220950067,0.9895125449069557,0.9851991439866037,0.9791262753826571,0.9555175836348887,0.961467821513993,0.9726750498412219,0.825779040971052,0.9740261794121527,0.9667560948455328,0.9763684406970472,0.9847868717784772,0.9829264304118182
Spain,2022-03-01,0.9351043176493599,0.9658206738331461,0.9737111430696935,0.9513053231328633,0.9583752318312028,0.9411966555546634,0.9734169629003852,0.9416522830938922,0.9114610175086069,0.9191241514330063,0.9509223081208291,0.9238274385274861,0.9329410026454978,0.9518903730235696,0.9685943389472328,0.9559987842904052,0.9355841054660509,0.939063904157152,0.8873309039319011,0.948122306219268,0.9547643074156084,0.9664108788523168,0.9439143725208791,0.954013350105979,0.9023428040206346,0.9437184522516415,0.9411295624133014,0.9440765276965477,0.9877368258792876,0.9163497522657199
Spain,2022-04-01,0.8946703354248638,0.8524596856380331,0.865834420976284,0.8443412954660007,0.794283808940791,0.8916983399905226,0.8995930927369385,0.9285350141068083,0.7798941011606022,0.8374977077710697,0.8278854006234424,0.842266694659312,0.9247508782011734,0.8694608457948748,0.897499124154363,0.9067468780766146,0.9094077692515818,0.9078175275758155,0.8482368133368136,0.906260710078482,0.9357138580417098,0.9292830206217388,0.8842177371003028,0.8663581417301992,0.9012941811498186,0.9456892342277237,0.8559875290497234,0.9210472992693551,0.9144538985715903,0.9011174872659861
Spain,2022-05-01,0.9414931762468189,0.9238715877938928,0.8955886831537192,0.9362154292885382,0.9181228578637138,0.9339375989701254,0.9405357800070804,0.9164816602085962,0.9404182506601501,0.9193533605250012,0.9535012157780449,0.9580183005067714,0.9079042775171201,0.9561250548884852,0.9419164056858405,0.9431998899339457,0.9140209960230355,0.8754825714221498,0.9446065712760272,0.9158428847572613,0.9039508310792727,0.9407933462804993,0.9338516273663061,0.9361696537066843,0.9408171075943835,0.9109496814953079,0.9113843730592137,0.9529075340412236,0.9607051876639912,0.9277628865114641
Spain,2022-06-01,0.961202430692016,0.9607885679861321,0.9540084385577411,0.9467515956648933,0.9369784461722548,0.9740068382589551,0.9692211980001977,0.9554360008737076,0.9553023263055918,0.9420632614250343,0.9433402596634416,0.9614812511790816,0.949459514411119,0.9716241101552213,0.9792006782627898,0.9714955776934195,0.9694528452946242,0.9459689257065992,0.9656443744767482,0.963024003952527,0.9609357279974862,0.9687988498675545,0.9481528156193315,0.9594292785113502,0.9565372206343716,0.9757797791216194,0.96218756693655,0.9703788366129972,0.9736008733237257,0.9332757611562025
Spain,2022-07-01,0.9765340757194996,0.9582563181120873,0.9832803073498125,0.9440013694164607,0.9784082318965877,0.9761200696078977,0.9612843432645048,0.9768288279850144,0.9698553739349222,0.9795751945740737,0.9586964167314209,0.9615822088941522,0.9491260677871212,0.9809293037400272,0.9829327055450088,0.9859987073457053,0.9900772416665014,0.9544001763405926,0.9749459275790335,0.9534892358837074,0.9851727056915984,0.960802618015797,0.9794592993713269,0.9828504145233639,0.9733619331069695,0.9768744069153498,0.9856114961079425,0.9805181183524807,0.9827267117339875,0.988176207174424
Spain,2022-08-01,0.9655811501133726,0.9707566365712601,0.9586071821610075,0.9659923416695175,0.968268650822225,0.9692154321685641,0.9790384785080938,0.966822556354308,0.9718736136192798,0.9654681406937267,0.9590695325127443,0.9646249391507843,0.9746497474762765,0.9726479921791299,0.9589688408876638,0.9915659213669896,0.9583606754333847,0.9607703246267032,0.9654860451949026,0.9728305984878112,0.9656657853346093,0.9669424243647771,0.9704865641152214,0.9808101130384264,0.9813140494462901,0.9787870793806892,0.9753751652849597,0.9827890810183059,0.990114731746657,0.9897529641374868
Spain,2022-09-01,0.9801162779838329,0.9763120255589792,0.9613043259803724,0.9615374056053472,0.938197164317098,0.9622204622090816,0.9641032719347691,0.9833247691553167,0.96009396595226,0.9796319683313929,0.9705362599821304,0.9700685041553105,0.9673776996807623,0.9635354976850483,0.9666215932671111,0.9581319038027503,0.9741346630292982,0.9574285459692216,0.9776927557389768,0.9757239459187603,0.972602266922631,0.9635060173970933,0.9659391418382843,0.9722898609901697,0.9795013911909499,0.9824277465460631,0.9788345280612579,0.9563624303643361,0.9784496103989193,0.9631580965398118
Spain,2022-10-01,0.9770753629460555,0.9789338145981009,0.9917664622258456,0.9411628382792543,0.9868924126393387,0.9818867186398781,0.9774485151532117,0.9742247053785646,0.9734900854355498,0.9809181687264765,0.9865049186729286,0.9657553424253478,0.983406005368192,0.9563080315900893,0.9706589306197813,0.9809378644526765,0.9818575027394272,0.9747477972062595,0.9826923072062594,0.9744268623846981,0.9505261754693399,0.9758114750279733,0.9828831693392027,0.9909902594204767,0.9899695362291013,0.99523170167707,0.9901027864480497,0.9841634024141473,0.9795394448781021,0.9718633280573534
Spain,2022-11-01,0.9984775843084694,1.0007233040540038,0.9886604355898391,1.0018293375700884,1.007833889238584,1.00673824400754,1.0027705385430028,1.009114343707906,0.9903899368355817,0.9955600160227358,1.0233136168431876,0.9992254720712618,1.006619678058769,0.9988424242851459,0.9937076434320378,0.9962017574384352,1.0244848716358224,1.002241823667007,0.9969195674734787,0.9981749373902178,0.9993180183816244,0.9964750368073404,1.008678510919707,0.9963789702881355,1.0146736611345788,0.9936821134999443,1.006702757724302,0.9792228705332012,1.009208257888683,1.0115168443060292
Spain,2022-12-01,1.0240859710114336,1.020247618543373,1.0042765831373275,1.0207784393482193,1.0040911842397635,1.0365715042643606,1.0230231877796467,1.0279274909997096,1.0127463242405415,1.0428133854971797,1.080591799425198,1.0135737097673552,1.0370853400324067,1.020129248502617,1.0242741994170206,1.0157916240754015,1.0144208092277023,1.0153683768721902,1.0072715411804227,1.0278588607893078,1.012560020100672,1.0345398566609019,1.037861221994444,1.0474480088931064,1.024546469589139,1.0180208440130682,1.0125183737723984,1.0245248670576386,1.0230062417015375,0.994325654291783
Switzerland,2022-01-01,0.9835727435135879,0.7600412607283765,0.7676015014504208,1.0065840710725933,1.002460213174847,0.9241736541107263,0.8979448364040258,0.99915603931567,0.8645753674050285,0.9885356519473649,0.8748388287194085,0.8416556238056199,0.9488282029085184,0.8905026697394857,0.9347954583311423,0.9399873888936542,0.9082566857335982,1.0018213302752914,1.0390920615304404,0.8356348348693139,0.7999269905833879,0.9085112769700091,1.013389493490198,0.9153914076703302,1.0142015752358071,0.9014371786010019,0.8305403050767599,0.8049359038019813,1.025421828192003,0.8126124010189569
Switzerland,2022-02-01,1.0507313884273424,0.8401717568834064,0.9575162636540648,0.8979007461706834,0.9872522073472062,1.0478769086539843,0.9111751981903835,0.9788951005203418,0.9474437582962165,0.9528133784778834,1.0300274037204873,0.979158141599124,1.0462496236443082,0.8839286847333074,0.9926413241641003,0.9403082835541433,0.8792105290120055,1.0147959756492562,0.9971497118541071,0.999748822671633,0.8661597383685893,1.008506176102518,0.787756187015895,0.899560843986589,1.0397983145377445,0.9799255473169338,1.0303693494421116,1.024883247058662,0.9486256973303265,1.0072839776041291
Switzerland,2022-03-01,0.9392717041461254,0.9622201564140777,0.9707819977268404,0.9367974310436672,0.9728282985488298,0.9457928135065424,0.9648466115889924,0.9532876937426229,0.9532424418874224,0.969966781479272,0.9651095850993815,0.9853249341763309,0.9447043728697619,0.9468165102333334,0.957754281796939,0.9599118949531692,0.9605693332240947,0.9502783827324074,0.9692194722224012,0.9594400720783562,0.9481361680439965,0.9546756127720192,0.9546529959571084,0.9701565429616626,0.9099321812407841,0.9567518858086048,0.9518208227871404,0.9495813145072789,0.963878524277442,0.9457788280611842
Switzerland,2022-04-01,0.9024842746874294,0.8956017273467801,0.8890204701668055,0.907660752764666,0.9146861196250505,0.8994319507273132,0.8956055503946058,0.8714240710903505,0.9244275980002544,0.9184162880025175,0.9067917868927557,0.9235554337881778,0.899992295377843,0.8742025365459886,0.9162202146684795,0.9239706912247166,0.9114063793045225,0.8737884476861113,0.9181595408708985,0.8990010462508191,0.8968279716757226,0.8967612190729309,0.902384322097437,0.9106372621267891,0.9049887880094943,0.8917994832884162,0.8902084287289762,0.8856804595497589,0.8657963573555305,0.8967005133804345
Switzerland,2022-05-01,0.9150224075335051,0.9370487029060717,0.8849460966778043,0.9320818488189306,0.9334036655410616,0.9441646492555322,0.9660749881152756,0.9314141421098178,0.9259135606744793,0.9404110328051201,0.9187701252432094,0.9311000220039147,0.9297320591781769,0.9312545733236932,0.9323323238653777,0.9196899178390259,0.9145299914888726,0.9295206332790381,0.932038572143637,0.9101644784618932,0.9598362219724667,0.8817534773460824,0.9216560034418776,0.9541062322211827,0.9504977607725104,0.9232137278019674,0.9234448344674743,0.9430336218566814,0.9121510218476112,0.9292630311275254
Switzerland,2022-06-01,0.9928770485923993,0.9478961050871457,0.981006992816076,0.9712251950682728,0.9533125355810504,0.9761104992447969,0.9575223714925952,0.9780304849687848,0.9763400452807631,0.9721516180896841,0.95093615347065,0.9703190835003861,0.9602778916686542,0.9683985349492308,0.9632681851942403,0.9580867759269227,0.9699046263540949,0.9768166368945195,0.9639958996785911,0.9603431400201915,0.9637493502220396,0.9770605386828481,0.975820624055828,0.9670626055856925,0.9644222443832946,0.9671445541361476,0.9790479274211569,0.9449825354942855,0.9765697336210927,0.9506850433413166
Switzerland,2022-07-01,0.9400007897569197,0.9658332208411871,0.9697769621145766,0.9475381140035831,0.965500794970756,0.9593520212891028,0.9631145997102962,0.9897517160541398,0.9795285559094129,0.97141517602603,0.9887367449776532,0.9700371326095224,0.9780994156390828,0.9681641971323082,0.9589203461190152,0.970269653994715,0.9604067844698154,0.9584639464715058,0.9646457369653664,0.9471175027903237,0.9499483387541713,0.9813112300435284,0.9581199676531568,0.9559606036969927,0.9728951623952623,0.941142379667108,0.9566341303276792,0.9567974222762309,0.9542214409122075,0.9535984409451655
Switzerland,2022-08-01,0.9669614133967779,0.971814540031007,0.9531244647161361,0.9747917977640546,0.9712104678274797,0.9737783375753158,0.9940736939788838,0.989864156584259,0.9673164564480013,0.9934913188341252,0.9738445984909173,0.9604834817060548,0.9926385478412467,0.963197508647867,0.964566535224221,0.9819604431563423,0.9946772945958162,0.996778892468916,0.9734619351927505,0.9635996132576922,0.9882115404268953,0.9853732252139652,0.9705579259537778,0.9798348524991908,0.9801304239007731,0.9919250107878838,0.9639801039742437,0.9823031617005776,0.9758715648712702,0.9793567537186306
Switzerland,2022-09-01,0.9957147356412188,0.9778809697570898,0.9856241946882245,1.0030266852143361,0.9833603523821977,0.98960649574392,1.0027804570211272,0.9625215395365624,1.0167169614811598,0.9930668829348743,1.003641803344108,1.0245048616680488,0.9877628400264307,0.9669139256964959,0.9854829052207774,0.9768757766378372,0.9731517831584907,0.9723122588638543,0.9990290109301494,0.9901281601722509,0.9978713781134642,0.998797447537914,0.9932718267916122,1.0113437258626605,0.9883703441326496,1.0041391583580486,0.9727905953696729,1.000735070479205,0.9521772734671876,0.9517370496098524
Switzerland,2022-10-01,0.9803854116448252,0.867392491131763,0.894155502972921,0.772587889286666,0.9885802054053836,0.9882506233789996,0.9775766040953432,0.9157929089580237,1.042317147135504,0.9986581039398376,1.0023040420974703,1.0022735528151756,1.0116293465455721,0.8412250325269156,0.9422329012330124,1.0024314796358358,1.011732937355971,0.8463332500192338,0.9954169175901163,0.8893895219600184,0.9798332587607989,0.9991361427343394,0.9662970358262833,1.0164992687956467,1.0055993736256768,0.8023881938230221,0.9091289029547892,1.0107671350866139,0.9374322627459033,1.0080374142360493
Switzerland,2022-11-01,0.8139272912474399,0.899999357689636,0.9978038261173728,0.8337087257053685,0.9636997100817736,0.8601959716210476,0.752848987641762,0.9116741446772795,0.7765426903873661,0.8155796797828212,1.0122300603842471,0.8660013736598812,0.9555388460031741,0.9923236908305323,0.8754554972865509,0.7780102689429607,1.0170449493681581,0.8768808847140411,0.85081012111728,0.9361292658898668,0.9144558046921965,0.9176849559584164,0.9044413554224036,0.9732335793625017,1.0352459606794926,1.0109360914847807,0.9219667622831715,0.8612998860149009,0.90711842615179,0.9062540954509053
Switzerland,2022-12-01,0.8376904878151654,0.7151104311368431,0.997432606950664,1.0050656661623152,0.9901277085142203,0.74105043605524,0.7358331900348741,0.9672438175446362,0.8810748891399383,0.962246060155061,1.0423224758575522,0.7058948156988994,1.0430905659597334,0.911383671318124,0.961919380059679,0.8274626719145514,1.0254001544476932,0.6852318580847735,0.8388381210929554,0.7974072530928704,0.9107264076019507,1.0496932900753428,0.7820026686473546,1.0174943415284023,0.9149398404914778,0.972536538612662,0.8145736079873301,0.9204755301475089,0.9130513265897063,1.0310523116413564
